free,181
available,11
reforming,2
innovation,4
top,41
excel,7
amazed,1
support,106
congratulations,27
work,162
wow,4
best,76
important,6
finest,7
enthusiastic,2
passion,2
effectively,4
like,104
beautiful,8
wise,1
right,38
clear,2
regard,1
wonderful,5
guidance,1
favour,63
proud,10
skilled,5
proper,7
fantastic,2
happy,74
phenomenal,58
tough,1
advanced,6
amazing,1
greatest,6
excited,60
love,23
supporting,15
well,17
great,25
safe,7
excellent,14
celebrate,1
master,4
enjoying,1
success,7
good,11
enhances,1
reform,4
skill,2
awarded,4
excellence,3
better,21
thank,38
fair,4
significant,4
reforms,9
ambitious,4
improve,8
willing,2
delighted,3
reconciliation,3
pleased,3
congratulate,2
positively,3
lovely,3
incredibly,2
commitment,10
ready,2
subsidizes,4
nice,1
winner,2
confidence,6
wonder,5
solidarity,5
hopeful,1
cool,1
helped,22
honored,8
awesome,1
enough,12
award,6
unconditional,6
clean,1
accessible,5
honor,2
pleasure,2
exciting,4
easier,2
favor,2
interests,2
decent,8
win,2
leading,8
illuminating,2
unlimited,1
educated,3
noble,1
foremost,2
saint,4
hail,1
favorite,1
distinguished,2
welcome,3
respect,5
thankful,3
proactive,1
succeed,2
sustainable,2
powerful,1
protect,16
super,1
trump,11
intelligence,4
encouraging,1
silent,1
advocate,2
blessing,3
gold,1
helping,1
prestigious,5
accolade,1
enjoy,1
strong,3
wins,2
achievements,3
worth,1
thrilled,2
fine,2
secure,2
warm,1
dedicated,1
masters,4
motivated,2
holy,1
progress,1
successful,4
supports,2
grateful,1
affordable,1
worthwhile,1
cornerstone,1
friendly,1
renowned,1
impressive,4
enthusiasm,2
wellbeing,1
pride,9
brilliant,2
rich,2
fun,7
creative,3
adequate,1
led,5
loves,1
stable,1
steady,1
golden,1
lead,2
premier,2
lover,1
wealthy,1
sharp,9
trust,3
joyful,1
properly,2
ovation,1
capable,1
extraordinary,2
groundbreaking,1
harmonize,1
kindly,5
equitable,8
gain,3
fresh,6
supported,1
innovative,3
champion,1
spacious,1
proven,1
eminent,3
recommend,1
leads,1
aspire,1
boost,1
faith,2
glory,1
meticulous,1
competitive,1
advantage,1
grand,1
elite,1
dynamic,2
luxury,4
clarity,1
afford,2
smart,1
privileged,1
encourage,6
empathy,1
superior,1
fascinating,1
worked,1
charitable,1
prominent,1
capability,1
healthy,1
successfully,2
promise,1
glad,1
solid,1
incredible,1
privilege,1
